<?xml version="1.0" encoding="UTF-8"?>
<reqmconfig xmlns:xsi="http://www.w3.org/2001/XMLSchema-instance"
    xsi:noNamespaceSchemaLocation="file:/C:/Projects/ReqM2/ReqM!!/schemas/ReqMcfg.xsd">
  
<!--
  <docconfig>
    <document>
        <doctype>safetyreqs</doctype>
        <requiredtags>
            <requiredtag>safetyclass</requiredtag>
            <requiredtag>safetyrationale</requiredtag>
        </requiredtags>
        <forbiddentags>
            <forbiddentag>comment</forbiddentag>
        </forbiddentags>
        <tracedtags>
            <tracedtag>safetyclass</tracedtag>
        </tracedtags>
    </document>

    <document>
        <doctype>testspec</doctype>
        <requiredtags>
            <requiredtag>safetyclass</requiredtag>
            <requiredtag>safetyrationale</requiredtag>
        </requiredtags>
        <forbiddentags>
            <forbiddentag>blablubb</forbiddentag>
        </forbiddentags>
        <tracedtags>
            <tracedtag>safetyclass</tracedtag>
        </tracedtags>
    </document>

    <document>
        <doctype>testsource</doctype>
        <requiredtags>
            <requiredtag>safetyclass</requiredtag>
            <requiredtag>safetyrationale</requiredtag>
        </requiredtags>
        <tracedtags>
            <tracedtag>safetyclass</tracedtag>
        </tracedtags>
    </document>

    <document>
        <doctype>deviations</doctype>
        <requiredtags>
            <requiredtag>comment</requiredtag>
        </requiredtags>
    </document>
  </docconfig>
-->
</reqmconfig>
