<change date="2011-03-15-000" arch="ALL">
Release of version 0.0.5, which is considered feature complete. [REQM-90]
</change>

<change date="2011-03-16-000" arch="ALL">
Fixed bug in schema parser in combination with "mixed" tags. [REQM-108]
</change>

<change date="2011-03-16-001" arch="ALL">
Added some more debug messages. [REQM-102]
</change>

<change date="2011-03-16-002" arch="ALL">
Reworked id-generation in generic importer. [REQM-109]
</change>

<change date="2011-03-16-003" arch="ALL">
Corrected generation of tables in XSLT script. [REQM-110]
</change>

<change date="2011-03-17-000" arch="ALL">
Added xref support to DocBook extension. [REQM-108]
</change>

<change date="2011-03-17-001" arch="ALL">
Corrected XSLT script to generate valid DocBook code. [REQM-110]
</change>

<change date="2011-03-21-000" arch="ALL">
Added support for extended generic input format. [REQM-113]
</change>

<change date="2011-03-21-001" arch="ALL">
Added XML perl module to ReqM2 sources and adapted include path. [REQM-112]
</change>

<change date="2011-03-21-002" arch="ALL">
Added online help to importers and exporters. [REQM-114]
</change>

<change date="2011-03-21-003" arch="ALL">
Changed source code tracing to generic importer format. [REQM-101, REQM-113]
</change>

<change date="2011-03-22-000" arch="ALL">
Added check for Perl version. [REQM-116]
</change>

<change date="2011-03-22-001" arch="ALL">
Added check for presence of mandatory tags. [REQM-117]
</change>

<change date="2011-03-23-000" arch="ALL">
Fixed possible deep recursion in LibXML. [REQM-118]
</change>

<change date="2011-03-23-001" arch="ALL">
Added id, status and version as specobject attributes. [REQM-119]
</change>

<change date="2011-03-23-001" arch="ALL">
Added id, status and version as specobject attributes. [REQM-119]
</change>

<change date="2011-04-05-001" arch="ALL">
Corrected import of multiple files in generic importer. [REQM-125]
</change>

<change date="2011-04-20-001" arch="ALL">
Added configuration parameters for improved compatibility to old ReqM formats. [REQM-126]
</change>

<change date="2011-04-27-001" arch="ALL">
Added a large bunch of error checks. [REQM-100]
</change>

<change date="2011-05-17-001" arch="ALL">
Added support for empty default values. [REQM-136]
</change>

<change date="2011-05-17-002" arch="ALL">
Reworked handling of warnings in case of missing default values. [REQM-136]
</change>

<change date="2011-10-24-001" arch="ALL">
Corrected import of old hierarchical reqdef IDs. [REQM-142]
</change>

<change date="2011-10-24-002" arch="ALL">
Corrected number of imported specobjects in DocBook and Instep importers. [REQM-129]
</change>

<change date="2011-10-24-003" arch="ALL">
Corrected export of testable requirements in TRAMP exporter. [REQM-143]
</change>

<change date="2011-10-24-004" arch="ALL">
Added common parameter parser for im- and exporters. [REQM-128]
</change>

<change date="2011-10-24-005" arch="ALL">
Added new status and safetyclass values. [REQM-156]
</change>

<change date="2011-10-24-006" arch="ALL">
Made DocBook export of specobjects containers configurable. [REQM-154]
</change>

<change date="2011-11-04-001" arch="ALL">
Reworked version checks. [REQM-116]
</change>

<change date="2011-11-11-001" arch="ALL">
Fixed bug in handling of unrequested coverages. [REQM-170]
</change>

<change date="2011-11-14-001" arch="ALL">
Added encoding of HTML special characters in HTML exporter. [REQM-173]
</change>

<change date="2011-11-18-001" arch="ALL">
Changed errors for SpecObjects which differ from the configuration to warnings. [REQM-171]
</change>

<change date="2011-11-18-002" arch="ALL">
Added configurable handling of links in DocBook export. [REQM-160]
</change>

<change date="2011-11-18-003" arch="ALL">
Added validation stage. [REQM-123]
</change>

<change date="2011-11-27-001" arch="ALL">
Reworked formatting of HTML export. [REQM-180]
</change>

<change date="2011-11-30-001" arch="ALL">
Added simple DocBook exporter. [REQM-158]
</change>

<change date="2011-11-30-002" arch="ALL">
Various minor bug fixes. [REQM-153, REQM-147, REQM-151, REQM-172, REQM-189, REQM-161, REQM-121]
</change>

<change date="2011-12-01-001" arch="ALL">
Made qualification level in version mandatory. [REQM-153]
</change>

<change date="2011-12-02-001" arch="ALL">
Added support for specifying input file names via a text file. [REQM-148]
</change>

<change date="2011-12-02-002" arch="ALL">
Added new statistics exporter (preliminray). [REQM-185]
</change>

<change date="2011-12-06-001" arch="ALL">
Added new tag for ignored doctypes. [REQM-183]
</change>

<change date="2011-12-07-001" arch="ALL">
Added support for different character encodings. [REQM-149]
</change>

<change date="2011-12-12-001" arch="ALL">
Complete rework of the user's guide. [REQM-121]
</change>

<change date="2011-12-15-001" arch="ALL">
Added safetyclass NFS. [REQM-199]
</change>

<change date="2011-12-16-001" arch="ALL">
Added new HTML5 exporter. [REQM-197]
</change>

<change date="2011-12-19-002" arch="ALL">
Various minor bug fixes. [REQM-163, REQM-200, REQM-202, REQM-177, REQM-204, REQM-206, REQM-210, REQM-211, REQM-216]
</change>

<change date="2011-12-21-001" arch="ALL">
Corrected too strict sanity check and a path escaping issue in HTML exporter. [REQM-220]
</change>

<change date="2011-12-21-002" arch="ALL">
Added check for empty XML file to DocBook importer. [REQM-218]
</change>

<change date="2011-12-21-003" arch="ALL">
Added clean-up handling of empty specobjects containers. [REQM-219]
</change>

<change date="2011-12-22-001" arch="ALL">
Corrected generation of icons in Html5 exporter. [REQM-217]
</change>

<change date="2011-12-22-002" arch="ALL">
Corrected generation of Ids in Generic importer. [REQM-225]
</change>

<change date="2011-12-23-001" arch="ALL">
Removed optional specobject attributes. [REQM-178]
</change>

<change date="2011-12-23-002" arch="ALL">
Reworked format of autogenerated Ids. [REQM-196]
</change>

<change date="2012-01-16-001" arch="ALL">
Throw warning instead of error if import has failed. [REQM-228]
</change>

<change date="2012-01-17-001" arch="ALL">
Added check for duplicate providescoverage entries. [REQM-198]
</change>

<change date="2012-01-17-002" arch="ALL">
Reworked handling of ignored doctypes. [REQM-191]
</change>

<change date="2012-01-17-003" arch="ALL">
Added command line details to output file. [REQM-214]
</change>

<change date="2012-01-17-004" arch="ALL">
Added support for semantic free links. [REQM-181]
</change>

<change date="2012-01-20-001" arch="ALL">
Corrected logging to file. [REQM-231]
</change>

<change date="2012-01-23-001" arch="ALL">
Added support for semantic free links to Html5 exporter. [REQM-235]
</change>

<change date="2012-01-25-001" arch="ALL">
Corrected handling of base IDs in OldRedefImporter. [REQM-238]
</change>

<change date="2012-02-08-001" arch="ALL">
Added switch for disabling coverage propagation. [REQM-230]
</change>

<change date="2012-02-08-002" arch="ALL">
Added filter for link errors to Html5 exporter. [REQM-238]
</change>

<change date="2012-02-23-001" arch="ALL">
Added support for text formatting tags. [REQM-168]
</change>

<change date="2012-02-24-001" arch="ALL">
Added metrics exporter. [REQM-188]
</change>

<change date="2012-02-24-002" arch="ALL">
Various minor bug fixes. [REQM-238, REQM-244, REQM-245, REQM-243]
</change>

<change date="2012-02-28-001" arch="ALL">
Remove calls to error prone toStringC14N() function. [REQM-249]
</change>

<change date="2012-02-29-001" arch="ALL">
Changed Perl module version check to a more compatible version. [REQM-213]
</change>

<change date="2012-03-02-001" arch="ALL">
Added support for a more user friendly format to the generic importer. [REQM-182]
</change>

<change date="2012-03-09-001" arch="ALL">
Completely reworked log handling. [REQM-232]
</change>

<change date="2012-03-12-001" arch="ALL">
Added some new filters to HTML5 exporter. [REQM-247, REQM-250, REQM-251]
</change>

<change date="2012-03-19-001" arch="ALL">
Fixed typo in ReqM2_OldReqImporter. [REQM-257]
</change>

<change date="2012-03-21-001" arch="ALL">
Reworked graphviz handling in HTML5 exporter (mainly speedup). [REQM-248]
</change>

<change date="2012-03-21-002" arch="ALL">
Added new filter capabilities to HTML5 and Dot exporter. [REQM-252, REQM-255, REQM-256]
</change>

<change date="2012-04-11-000" arch="ALL">
Reworked HTML5 exporter statistics and menu. [REQM-165]
</change>

<change date="2012-04-23-000" arch="ALL">
Added support for semantic free links. [REQM-266]
</change>

<change date="2012-05-15-000" arch="ALL">
Added new filter capabilities to HTML5 exporter. [REQM-187, REQM-270, REQM-271]
</change>

<change date="2012-05-24-000" arch="ALL">
Added title attribute to specobjects container. [REQM-268]
</change>

<change date="2012-05-24-001" arch="ALL">
Various minor bug fixes. [REQM-259, REQM-260, REQM-263, REQM-265, REQM-267, REQM-269]
</change>
