<!--
  Specification of module versions.
  - The order is important:
    Older release must be specified before newer releases in this file
  - Format:
    <version version="<major version>.<minor version>.<patch version>" date="yyyy-mm-dd"/>
-->
<version version="0.0.1" date="2010-12-02"/>
<version version="0.0.2" date="2010-12-20"/>
<version version="0.0.3" date="2010-12-29"/>
<version version="0.0.4" date="2011-02-17"/>
<version version="0.0.5" date="2011-03-15"/>
<version version="0.0.6pre" date="2011-05-16"/>
<version version="0.0.6" date="2011-11-04"/>
<version version="0.0.7stable" date="2011-12-01"/>
<version version="0.0.8stable" date="2011-12-19"/>
<version version="0.0.9stable" date="2011-12-23"/>
<version version="0.0.10stable" date="2012-01-24"/>
<version version="0.0.11stable" date="2012-02-24"/>
<version version="0.0.12stable" date="2012-03-12"/>
<version version="0.0.13stable" date="2012-03-22"/>
<version version="0.1.1stable" date="2012-05-24"/>

