{
  "watchlist": [
    {
      "vote_count": 641,
      "id": 332562,
      "video": false,
      "vote_average": 7.6,
      "title": "A Star Is Born",
      "popularity": 225.565,
      "poster_path": "https://image.tmdb.org/t/p/w200/wrFpXMNBRj2PBiN4Z5kix51XaIZ.jpg",
      "original_language": "en",
      "original_title": "A Star Is Born",
      "genre_ids": [
        18,
        10402,
        10749
      ],
      "backdrop_path": "/840rbblaLc4SVxm8gF3DNdJ0YAE.jpg",
      "adult": false,
      "overview": "Seasoned musician Jackson Maine discovers—and falls in love with—struggling artist Ally. She has just about given up on her dream to make it big as a singer—until Jack coaxes her into the spotlight. But even as Ally's career takes off, the personal side of their relationship is breaking down, as Jack fights an ongoing battle with his own internal demons.",
      "release_date": "2018-10-03"
    },
    {
      "vote_count": 1188,
      "id": 335983,
      "video": false,
      "vote_average": 6.6,
      "title": "Venom",
      "popularity": 432.604,
      "poster_path": "https://image.tmdb.org/t/p/w200/2uNW4WbgBXL25BAbXGLnLqX71Sw.jpg",
      "original_language": "en",
      "original_title": "Venom",
      "genre_ids": [
        878,
        28
      ],
      "backdrop_path": "/VuukZLgaCrho2Ar8Scl9HtV3yD.jpg",
      "adult": false,
      "overview": "When Eddie Brock acquires the powers of a symbiote, he will have to release his alter-ego “Venom” to save his life.",
      "release_date": "2018-10-03"
    },
    {
      "vote_count": 2768,
      "id": 363088,
      "video": false,
      "vote_average": 6.9,
      "title": "Ant-Man and the Wasp",
      "popularity": 159.728,
      "poster_path": "https://image.tmdb.org/t/p/w200/rv1AWImgx386ULjcf62VYaW8zSt.jpg",
      "original_language": "en",
      "original_title": "Ant-Man and the Wasp",
      "genre_ids": [
        28,
        12,
        878,
        10749,
        35,
        10751
      ],
      "backdrop_path": "/6P3c80EOm7BodndGBUAJHHsHKrp.jpg",
      "adult": false,
      "overview": "Just when his time under house arrest is about to end, Scott Lang puts again his freedom at risk to help Hope van Dyne and Dr. Hank Pym dive into the quantum realm and try to accomplish, against time and any chance of success, a very dangerous rescue mission.",
      "release_date": "2018-07-04"
    },
    {
      "vote_count": 11209,
      "id": 278,
      "video": false,
      "vote_average": 8.6,
      "title": "The Shawshank Redemption",
      "popularity": 25.158,
      "poster_path": "https://image.tmdb.org/t/p/w200/9O7gLzmreU0nGkIB6K3BsJbzvNv.jpg",
      "original_language": "en",
      "original_title": "The Shawshank Redemption",
      "genre_ids": [
        18,
        80
      ],
      "backdrop_path": "/j9XKiZrVeViAixVRzCta7h1VU9W.jpg",
      "adult": false,
      "overview": "Framed in the 1940s for the double murder of his wife and her lover, upstanding banker Andy Dufresne begins a new life at the Shawshank prison, where he puts his accounting skills to work for an amoral warden. During his long stretch in prison, Dufresne comes to be admired by the other inmates -- including an older prisoner named Red -- for his integrity and unquenchable sense of hope.",
      "release_date": "1994-09-23"
    }
  ]
}